{
	"type": "FeatureCollection",
	"features": [{
		"geometry": {
			"type": "Point",
			"coordinates": [6.18218,
			45.5949]
		},
		"type": "Feature",
		"properties": {
			"elevation": 1770,
			"name": "Col d'Arclusaz"
		},
		"id": 472
	},
	{
		"geometry": {
			"type": "Point",
			"coordinates": [6.27827,
			45.6769]
		},
		"type": "Feature",
		"properties": {
			"elevation": 1831,
			"name": "Pointe de C\u00f4te Favre"
		},
		"id": 458
	},
	{
		"geometry": {
			"type": "Point",
			"coordinates": [6.47122,
			46.0062]
		},
		"type": "Feature",
		"properties": {
			"elevation": 2364,
			"name": "Pointe du Midi"
		},
		"id": 487
	},
	{
		"geometry": {
			"type": "Point",
			"coordinates": [6.82156068193,
			46.3129835428]
		},
		"type": "Feature",
		"properties": {
			"elevation": 1856,
			"name": "Col d'Outanne"
		},
		"id": 5700
	},
	{
		"geometry": {
			"type": "Point",
			"coordinates": [6.84989241629,
			46.136626095]
		},
		"type": "Feature",
		"properties": {
			"elevation": 2375,
			"name": "Col de Comba Mornay"
		},
		"id": 5644
	},
	{
		"geometry": {
			"type": "Point",
			"coordinates": [6.62,
			46.187778]
		},
		"type": "Feature",
		"properties": {
			"elevation": 2000,
			"name": "La Pointe"
		},
		"id": 5710
	},
	{
		"geometry": {
			"type": "Point",
			"coordinates": [5.9134,
			44.93331]
		},
		"type": "Feature",
		"properties": {
			"elevation": 2607,
			"name": "Le Coiro"
		},
		"id": 496
	},
	{
		"geometry": {
			"type": "Point",
			"coordinates": [6.03219,
			45.7204]
		},
		"type": "Feature",
		"properties": {
			"elevation": 1451,
			"name": "D\u00f4me de la Cochette"
		},
		"id": 322
	},
	{
		"geometry": {
			"type": "Point",
			"coordinates": [6.23048,
			45.6324]
		},
		"type": "Feature",
		"properties": {
			"elevation": 2197,
			"name": "Mont P\u00e9cloz"
		},
		"id": 515
	},
	{
		"geometry": {
			"type": "Point",
			"coordinates": [6.1962,
			45.6927]
		},
		"type": "Feature",
		"properties": {
			"elevation": 2181,
			"name": "Tr\u00e9lod"
		},
		"id": 601
	}]
}